[{"model": "admin.logentry", "pk": 1, "fields": {"action_time": "2022-04-23T16:36:39.209", "user": 4, "content_type": 13, "object_id": "1", "object_repr": "/news/ -- Новости", "action_flag": 1, "change_message": "[{\"added\": {}}]"}}, {"model": "admin.logentry", "pk": 2, "fields": {"action_time": "2022-04-24T20:42:50.365", "user": 4, "content_type": 16, "object_id": "3", "object_repr": "Вместо Асфальта — Эко-Опилки, Дома Из Природных Материалов И Никакого Электричества. Как Живёт Первая В Бельгии Эко-Деревня: Подъезжая к этому се", "action_flag": 2, "change_message": "[{\"changed\": {\"fields\": [\"Select\", \"Text post\"]}}]"}}, {"model": "admin.logentry", "pk": 3, "fields": {"action_time": "2022-04-24T20:44:47.734", "user": 4, "content_type": 16, "object_id": "3", "object_repr": "Вместо Асфальта — Эко-Опилки, Дома Из Природных Материалов И Никакого Электричества. Как Живёт Первая В Бельгии Эко-Деревня: Подъезжая к этому се", "action_flag": 2, "change_message": "[{\"changed\": {\"fields\": [\"Text post\"]}}]"}}, {"model": "admin.logentry", "pk": 4, "fields": {"action_time": "2022-04-24T20:47:06.911", "user": 4, "content_type": 16, "object_id": "2", "object_repr": "«Я Такой Же Простой Парень, Как Ребята, Ездящие По Москве На Гелендвагенах»: Интервью С Мухаммедом Аль Саудом: Корреспондент ИА «Па", "action_flag": 2, "change_message": "[{\"changed\": {\"fields\": [\"Select\", \"Text post\"]}}]"}}, {"model": "admin.logentry", "pk": 5, "fields": {"action_time": "2022-04-24T20:48:22.043", "user": 4, "content_type": 16, "object_id": "4", "object_repr": "Минпромторг Попросил Покидающих Японию Россиян Взять В Свой Багаж Детали Для Высокоточных Станков: Министерство промышл", "action_flag": 2, "change_message": "[{\"changed\": {\"fields\": [\"Select\", \"Text post\"]}}]"}}, {"model": "admin.logentry", "pk": 6, "fields": {"action_time": "2022-04-24T20:49:39.710", "user": 4, "content_type": 16, "object_id": "1", "object_repr": "Банк “Тинькофф” Переименуют В \"Российскую Соборность Имени П.А. Столыпина\": Совет негодяев банка", "action_flag": 2, "change_message": "[{\"changed\": {\"fields\": [\"Select\", \"Text post\"]}}]"}}, {"model": "admin.logentry", "pk": 7, "fields": {"action_time": "2022-04-30T18:41:53.552", "user": 4, "content_type": 16, "object_id": "5", "object_repr": "Наш Ответ Санкциям: Автоваз Дистанционно Выведет Из Строя “Нивы”, Поставленные Полиции Австрии: Компания “АВТОВАЗ” с", "action_flag": 1, "change_message": "[{\"added\": {}}]"}}, {"model": "admin.logentry", "pk": 8, "fields": {"action_time": "2022-04-30T18:44:14.939", "user": 4, "content_type": 16, "object_id": "6", "object_repr": "Маск Будет Закрывать Twitter По Выходным, Чтобы Пользователи Проводили Больше Времени С Семьёй: Владелец Twitter Ило", "action_flag": 1, "change_message": "[{\"added\": {}}]"}}, {"model": "admin.logentry", "pk": 9, "fields": {"action_time": "2022-04-30T18:45:02.281", "user": 4, "content_type": 16, "object_id": "7", "object_repr": "Двигатель Ваз-2106 Вновь Стал Экологичным: Двигатель ВАЗ-2106 п", "action_flag": 1, "change_message": "[{\"added\": {}}]"}}, {"model": "admin.logentry", "pk": 10, "fields": {"action_time": "2022-04-30T18:47:29.661", "user": 4, "content_type": 16, "object_id": "8", "object_repr": "Из-За Ухода С Рынка Производителей Туалетной Бумаги В России Увеличат Инвестиции В Лопуховодство: В ходе заседания Мин", "action_flag": 1, "change_message": "[{\"added\": {}}]"}}, {"model": "admin.logentry", "pk": 11, "fields": {"action_time": "2022-04-30T18:47:55.331", "user": 4, "content_type": 16, "object_id": "9", "object_repr": "Коллекторы Выломали Дверь В Московскую Квартиру Олега Тинькова: Соседи российского п", "action_flag": 1, "change_message": "[{\"added\": {}}]"}}, {"model": "admin.logentry", "pk": 12, "fields": {"action_time": "2022-04-30T18:48:22.296", "user": 4, "content_type": 16, "object_id": "10", "object_repr": "В Эфире «Первого Канала» Показали Полнометражный Фильм С Рекламой «Азино Два Топора»: Руководство «Первого", "action_flag": 1, "change_message": "[{\"added\": {}}]"}}, {"model": "admin.logentry", "pk": 13, "fields": {"action_time": "2022-04-30T18:52:01.250", "user": 4, "content_type": 16, "object_id": "11", "object_repr": "В Рамках Санкций: В Рanasonic Объяснили, Почему Их Умные Унитазы Бьют Током Россиян: Генеральный директор", "action_flag": 1, "change_message": "[{\"added\": {}}]"}}, {"model": "admin.logentry", "pk": 14, "fields": {"action_time": "2022-05-05T14:00:23.997", "user": 4, "content_type": 22, "object_id": "1", "object_repr": "Google", "action_flag": 1, "change_message": "[{\"added\": {}}]"}}, {"model": "admin.logentry", "pk": 15, "fields": {"action_time": "2022-05-05T14:00:59.445", "user": 4, "content_type": 12, "object_id": "1", "object_repr": "127.0.0.1", "action_flag": 2, "change_message": "[{\"changed\": {\"fields\": [\"Domain name\"]}}]"}}, {"model": "admin.logentry", "pk": 16, "fields": {"action_time": "2022-05-05T16:47:50.154", "user": 4, "content_type": 3, "object_id": "1", "object_repr": "common", "action_flag": 1, "change_message": "[{\"added\": {}}]"}}, {"model": "admin.logentry", "pk": 17, "fields": {"action_time": "2022-05-05T16:48:02.534", "user": 4, "content_type": 3, "object_id": "2", "object_repr": "authors", "action_flag": 1, "change_message": "[{\"added\": {}}]"}}, {"model": "admin.logentry", "pk": 18, "fields": {"action_time": "2022-05-05T16:48:33.436", "user": 4, "content_type": 4, "object_id": "6", "object_repr": "email", "action_flag": 2, "change_message": "[{\"changed\": {\"fields\": [\"Groups\"]}}]"}}, {"model": "admin.logentry", "pk": 19, "fields": {"action_time": "2022-05-05T16:48:48.787", "user": 4, "content_type": 4, "object_id": "2", "object_repr": "usernam1e", "action_flag": 2, "change_message": "[{\"changed\": {\"fields\": [\"Groups\"]}}]"}}, {"model": "admin.logentry", "pk": 20, "fields": {"action_time": "2022-05-05T16:49:03.280", "user": 4, "content_type": 4, "object_id": "7", "object_repr": "usernam1e7", "action_flag": 2, "change_message": "[{\"changed\": {\"fields\": [\"Groups\"]}}]"}}, {"model": "admin.logentry", "pk": 21, "fields": {"action_time": "2022-05-05T16:49:15.095", "user": 4, "content_type": 4, "object_id": "1", "object_repr": "username", "action_flag": 2, "change_message": "[{\"changed\": {\"fields\": [\"Groups\"]}}]"}}, {"model": "admin.logentry", "pk": 22, "fields": {"action_time": "2022-05-05T16:49:27.330", "user": 4, "content_type": 4, "object_id": "3", "object_repr": "usernamie", "action_flag": 2, "change_message": "[{\"changed\": {\"fields\": [\"Groups\"]}}]"}}, {"model": "admin.logentry", "pk": 23, "fields": {"action_time": "2022-05-05T16:49:46.056", "user": 4, "content_type": 4, "object_id": "5", "object_repr": "vorobeip", "action_flag": 2, "change_message": "[{\"changed\": {\"fields\": [\"Groups\"]}}]"}}, {"model": "admin.logentry", "pk": 24, "fields": {"action_time": "2022-05-10T15:02:18.376", "user": 4, "content_type": 4, "object_id": "5", "object_repr": "vorobeip", "action_flag": 2, "change_message": "[{\"changed\": {\"fields\": [\"Groups\"]}}]"}}, {"model": "admin.logentry", "pk": 25, "fields": {"action_time": "2022-05-10T15:38:17.871", "user": 4, "content_type": 3, "object_id": "2", "object_repr": "authors", "action_flag": 2, "change_message": "[{\"changed\": {\"fields\": [\"Permissions\"]}}]"}}, {"model": "admin.logentry", "pk": 26, "fields": {"action_time": "2022-05-10T15:46:51.403", "user": 4, "content_type": 3, "object_id": "2", "object_repr": "authors", "action_flag": 2, "change_message": "[{\"changed\": {\"fields\": [\"Permissions\"]}}]"}}, {"model": "admin.logentry", "pk": 27, "fields": {"action_time": "2022-05-10T15:52:27.181", "user": 4, "content_type": 4, "object_id": "5", "object_repr": "vorobeip", "action_flag": 2, "change_message": "[{\"changed\": {\"fields\": [\"Groups\"]}}]"}}, {"model": "admin.logentry", "pk": 28, "fields": {"action_time": "2022-05-14T12:01:46.409", "user": 4, "content_type": 15, "object_id": "4", "object_repr": "PostCategory object (4)", "action_flag": 2, "change_message": "[{\"changed\": {\"fields\": [\"Post\"]}}]"}}, {"model": "admin.logentry", "pk": 29, "fields": {"action_time": "2022-05-14T14:16:37.625", "user": 4, "content_type": 4, "object_id": "5", "object_repr": "vorobeip", "action_flag": 2, "change_message": "[{\"changed\": {\"fields\": [\"Groups\"]}}]"}}, {"model": "admin.logentry", "pk": 30, "fields": {"action_time": "2022-05-14T14:18:36.150", "user": 4, "content_type": 4, "object_id": "5", "object_repr": "vorobeip", "action_flag": 2, "change_message": "[{\"changed\": {\"fields\": [\"Groups\"]}}]"}}, {"model": "admin.logentry", "pk": 31, "fields": {"action_time": "2022-05-21T13:11:27.676", "user": 4, "content_type": 15, "object_id": "5", "object_repr": "PostCategory object (5)", "action_flag": 2, "change_message": "[{\"changed\": {\"fields\": [\"Post\"]}}]"}}, {"model": "admin.logentry", "pk": 32, "fields": {"action_time": "2022-05-21T13:33:34.231", "user": 4, "content_type": 15, "object_id": "6", "object_repr": "PostCategory object (6)", "action_flag": 1, "change_message": "[{\"added\": {}}]"}}, {"model": "admin.logentry", "pk": 33, "fields": {"action_time": "2022-05-21T13:33:50.365", "user": 4, "content_type": 15, "object_id": "7", "object_repr": "PostCategory object (7)", "action_flag": 1, "change_message": "[{\"added\": {}}]"}}, {"model": "admin.logentry", "pk": 34, "fields": {"action_time": "2022-05-21T15:00:06.948", "user": 4, "content_type": 15, "object_id": "10", "object_repr": "PostCategory object (10)", "action_flag": 2, "change_message": "[{\"changed\": {\"fields\": [\"Category\"]}}]"}}, {"model": "admin.logentry", "pk": 35, "fields": {"action_time": "2022-05-21T15:08:11.001", "user": 4, "content_type": 4, "object_id": "4", "object_repr": "admin", "action_flag": 2, "change_message": "[{\"changed\": {\"fields\": [\"Email address\"]}}]"}}, {"model": "admin.logentry", "pk": 36, "fields": {"action_time": "2022-05-21T15:10:09.155", "user": 4, "content_type": 15, "object_id": "11", "object_repr": "PostCategory object (11)", "action_flag": 2, "change_message": "[{\"changed\": {\"fields\": [\"Category\"]}}]"}}, {"model": "admin.logentry", "pk": 37, "fields": {"action_time": "2022-05-21T15:41:31.500", "user": 4, "content_type": 16, "object_id": "17", "object_repr": "Олег Тиньков Открыл Шашлычную В Лондоне: Российский предприни", "action_flag": 3, "change_message": ""}}, {"model": "admin.logentry", "pk": 38, "fields": {"action_time": "2022-05-21T15:41:31.505", "user": 4, "content_type": 16, "object_id": "16", "object_repr": "Олег Тиньков Открыл Шашлычную В Лондоне: Российский предприни", "action_flag": 3, "change_message": ""}}, {"model": "admin.logentry", "pk": 39, "fields": {"action_time": "2022-05-21T15:41:31.509", "user": 4, "content_type": 16, "object_id": "15", "object_repr": "Олег Тиньков Открыл Шашлычную В Лондоне: Российский предприни", "action_flag": 3, "change_message": ""}}, {"model": "admin.logentry", "pk": 40, "fields": {"action_time": "2022-05-21T15:41:31.512", "user": 4, "content_type": 16, "object_id": "14", "object_repr": "Олег Тиньков Открыл Шашлычную В Лондоне: Российский предприни", "action_flag": 3, "change_message": ""}}, {"model": "admin.logentry", "pk": 41, "fields": {"action_time": "2022-05-21T15:41:31.517", "user": 4, "content_type": 16, "object_id": "13", "object_repr": "Олег Тиньков Открыл Шашлычную В Лондоне: Российский предприни", "action_flag": 3, "change_message": ""}}, {"model": "admin.logentry", "pk": 42, "fields": {"action_time": "2022-05-21T15:41:31.521", "user": 4, "content_type": 16, "object_id": "12", "object_repr": "Олег Тиньков Открыл Шашлычную В Лондоне: Российский предприни", "action_flag": 3, "change_message": ""}}, {"model": "admin.logentry", "pk": 43, "fields": {"action_time": "2022-05-21T16:00:53.565", "user": 4, "content_type": 15, "object_id": "12", "object_repr": "PostCategory object (12)", "action_flag": 1, "change_message": "[{\"added\": {}}]"}}, {"model": "admin.logentry", "pk": 44, "fields": {"action_time": "2022-05-26T14:00:09.370", "user": 4, "content_type": 16, "object_id": "37", "object_repr": "Роскомнадзор Запретил Называть Россиян Homo Sapiens: 1Надзорное ведомство", "action_flag": 2, "change_message": "[{\"changed\": {\"fields\": [\"\\u0422\\u0435\\u043a\\u0441\\u0442\"]}}]"}}, {"model": "admin.logentry", "pk": 45, "fields": {"action_time": "2022-05-26T14:00:51.174", "user": 4, "content_type": 16, "object_id": "37", "object_repr": "1Роскомнадзор Запретил Называть Россиян Homo Sapiens: 1Надзорное ведомство", "action_flag": 2, "change_message": "[{\"changed\": {\"fields\": [\"\\u041d\\u0430\\u0437\\u0432\\u0430\\u043d\\u0438\\u0435\"]}}]"}}, {"model": "admin.logentry", "pk": 46, "fields": {"action_time": "2022-05-26T14:02:15.230", "user": 4, "content_type": 16, "object_id": "37", "object_repr": "Роскомнадзор Запретил Называть Россиян Homo Sapiens: Надзорное ведомство ", "action_flag": 2, "change_message": "[{\"changed\": {\"fields\": [\"\\u041d\\u0430\\u0437\\u0432\\u0430\\u043d\\u0438\\u0435\", \"\\u0422\\u0435\\u043a\\u0441\\u0442\"]}}]"}}, {"model": "auth.permission", "pk": 1, "fields": {"name": "Can add log entry", "content_type": 1, "codename": "add_logentry"}}, {"model": "auth.permission", "pk": 2, "fields": {"name": "Can change log entry", "content_type": 1, "codename": "change_logentry"}}, {"model": "auth.permission", "pk": 3, "fields": {"name": "Can delete log entry", "content_type": 1, "codename": "delete_logentry"}}, {"model": "auth.permission", "pk": 4, "fields": {"name": "Can view log entry", "content_type": 1, "codename": "view_logentry"}}, {"model": "auth.permission", "pk": 5, "fields": {"name": "Can add permission", "content_type": 2, "codename": "add_permission"}}, {"model": "auth.permission", "pk": 6, "fields": {"name": "Can change permission", "content_type": 2, "codename": "change_permission"}}, {"model": "auth.permission", "pk": 7, "fields": {"name": "Can delete permission", "content_type": 2, "codename": "delete_permission"}}, {"model": "auth.permission", "pk": 8, "fields": {"name": "Can view permission", "content_type": 2, "codename": "view_permission"}}, {"model": "auth.permission", "pk": 9, "fields": {"name": "Can add group", "content_type": 3, "codename": "add_group"}}, {"model": "auth.permission", "pk": 10, "fields": {"name": "Can change group", "content_type": 3, "codename": "change_group"}}, {"model": "auth.permission", "pk": 11, "fields": {"name": "Can delete group", "content_type": 3, "codename": "delete_group"}}, {"model": "auth.permission", "pk": 12, "fields": {"name": "Can view group", "content_type": 3, "codename": "view_group"}}, {"model": "auth.permission", "pk": 13, "fields": {"name": "Can add user", "content_type": 4, "codename": "add_user"}}, {"model": "auth.permission", "pk": 14, "fields": {"name": "Can change user", "content_type": 4, "codename": "change_user"}}, {"model": "auth.permission", "pk": 15, "fields": {"name": "Can delete user", "content_type": 4, "codename": "delete_user"}}, {"model": "auth.permission", "pk": 16, "fields": {"name": "Can view user", "content_type": 4, "codename": "view_user"}}, {"model": "auth.permission", "pk": 17, "fields": {"name": "Can add content type", "content_type": 5, "codename": "add_contenttype"}}, {"model": "auth.permission", "pk": 18, "fields": {"name": "Can change content type", "content_type": 5, "codename": "change_contenttype"}}, {"model": "auth.permission", "pk": 19, "fields": {"name": "Can delete content type", "content_type": 5, "codename": "delete_contenttype"}}, {"model": "auth.permission", "pk": 20, "fields": {"name": "Can view content type", "content_type": 5, "codename": "view_contenttype"}}, {"model": "auth.permission", "pk": 21, "fields": {"name": "Can add session", "content_type": 6, "codename": "add_session"}}, {"model": "auth.permission", "pk": 22, "fields": {"name": "Can change session", "content_type": 6, "codename": "change_session"}}, {"model": "auth.permission", "pk": 23, "fields": {"name": "Can delete session", "content_type": 6, "codename": "delete_session"}}, {"model": "auth.permission", "pk": 24, "fields": {"name": "Can view session", "content_type": 6, "codename": "view_session"}}, {"model": "auth.permission", "pk": 25, "fields": {"name": "Can add post category", "content_type": 7, "codename": "add_postcategory"}}, {"model": "auth.permission", "pk": 26, "fields": {"name": "Can change post category", "content_type": 7, "codename": "change_postcategory"}}, {"model": "auth.permission", "pk": 27, "fields": {"name": "Can delete post category", "content_type": 7, "codename": "delete_postcategory"}}, {"model": "auth.permission", "pk": 28, "fields": {"name": "Can view post category", "content_type": 7, "codename": "view_postcategory"}}, {"model": "auth.permission", "pk": 29, "fields": {"name": "Can add author", "content_type": 8, "codename": "add_author"}}, {"model": "auth.permission", "pk": 30, "fields": {"name": "Can change author", "content_type": 8, "codename": "change_author"}}, {"model": "auth.permission", "pk": 31, "fields": {"name": "Can delete author", "content_type": 8, "codename": "delete_author"}}, {"model": "auth.permission", "pk": 32, "fields": {"name": "Can view author", "content_type": 8, "codename": "view_author"}}, {"model": "auth.permission", "pk": 33, "fields": {"name": "Can add post", "content_type": 9, "codename": "add_post"}}, {"model": "auth.permission", "pk": 34, "fields": {"name": "Can change post", "content_type": 9, "codename": "change_post"}}, {"model": "auth.permission", "pk": 35, "fields": {"name": "Can delete post", "content_type": 9, "codename": "delete_post"}}, {"model": "auth.permission", "pk": 36, "fields": {"name": "Can view post", "content_type": 9, "codename": "view_post"}}, {"model": "auth.permission", "pk": 37, "fields": {"name": "Can add comment", "content_type": 10, "codename": "add_comment"}}, {"model": "auth.permission", "pk": 38, "fields": {"name": "Can change comment", "content_type": 10, "codename": "change_comment"}}, {"model": "auth.permission", "pk": 39, "fields": {"name": "Can delete comment", "content_type": 10, "codename": "delete_comment"}}, {"model": "auth.permission", "pk": 40, "fields": {"name": "Can view comment", "content_type": 10, "codename": "view_comment"}}, {"model": "auth.permission", "pk": 41, "fields": {"name": "Can add category", "content_type": 11, "codename": "add_category"}}, {"model": "auth.permission", "pk": 42, "fields": {"name": "Can change category", "content_type": 11, "codename": "change_category"}}, {"model": "auth.permission", "pk": 43, "fields": {"name": "Can delete category", "content_type": 11, "codename": "delete_category"}}, {"model": "auth.permission", "pk": 44, "fields": {"name": "Can view category", "content_type": 11, "codename": "view_category"}}, {"model": "auth.permission", "pk": 45, "fields": {"name": "Can add site", "content_type": 12, "codename": "add_site"}}, {"model": "auth.permission", "pk": 46, "fields": {"name": "Can change site", "content_type": 12, "codename": "change_site"}}, {"model": "auth.permission", "pk": 47, "fields": {"name": "Can delete site", "content_type": 12, "codename": "delete_site"}}, {"model": "auth.permission", "pk": 48, "fields": {"name": "Can view site", "content_type": 12, "codename": "view_site"}}, {"model": "auth.permission", "pk": 49, "fields": {"name": "Can add flat page", "content_type": 13, "codename": "add_flatpage"}}, {"model": "auth.permission", "pk": 50, "fields": {"name": "Can change flat page", "content_type": 13, "codename": "change_flatpage"}}, {"model": "auth.permission", "pk": 51, "fields": {"name": "Can delete flat page", "content_type": 13, "codename": "delete_flatpage"}}, {"model": "auth.permission", "pk": 52, "fields": {"name": "Can view flat page", "content_type": 13, "codename": "view_flatpage"}}, {"model": "auth.permission", "pk": 53, "fields": {"name": "Can add category", "content_type": 14, "codename": "add_category"}}, {"model": "auth.permission", "pk": 54, "fields": {"name": "Can change category", "content_type": 14, "codename": "change_category"}}, {"model": "auth.permission", "pk": 55, "fields": {"name": "Can delete category", "content_type": 14, "codename": "delete_category"}}, {"model": "auth.permission", "pk": 56, "fields": {"name": "Can view category", "content_type": 14, "codename": "view_category"}}, {"model": "auth.permission", "pk": 57, "fields": {"name": "Can add post category", "content_type": 15, "codename": "add_postcategory"}}, {"model": "auth.permission", "pk": 58, "fields": {"name": "Can change post category", "content_type": 15, "codename": "change_postcategory"}}, {"model": "auth.permission", "pk": 59, "fields": {"name": "Can delete post category", "content_type": 15, "codename": "delete_postcategory"}}, {"model": "auth.permission", "pk": 60, "fields": {"name": "Can view post category", "content_type": 15, "codename": "view_postcategory"}}, {"model": "auth.permission", "pk": 61, "fields": {"name": "Can add post", "content_type": 16, "codename": "add_post"}}, {"model": "auth.permission", "pk": 62, "fields": {"name": "Can change post", "content_type": 16, "codename": "change_post"}}, {"model": "auth.permission", "pk": 63, "fields": {"name": "Can delete post", "content_type": 16, "codename": "delete_post"}}, {"model": "auth.permission", "pk": 64, "fields": {"name": "Can view post", "content_type": 16, "codename": "view_post"}}, {"model": "auth.permission", "pk": 65, "fields": {"name": "Can add author", "content_type": 17, "codename": "add_author"}}, {"model": "auth.permission", "pk": 66, "fields": {"name": "Can change author", "content_type": 17, "codename": "change_author"}}, {"model": "auth.permission", "pk": 67, "fields": {"name": "Can delete author", "content_type": 17, "codename": "delete_author"}}, {"model": "auth.permission", "pk": 68, "fields": {"name": "Can view author", "content_type": 17, "codename": "view_author"}}, {"model": "auth.permission", "pk": 69, "fields": {"name": "Can add comment", "content_type": 18, "codename": "add_comment"}}, {"model": "auth.permission", "pk": 70, "fields": {"name": "Can change comment", "content_type": 18, "codename": "change_comment"}}, {"model": "auth.permission", "pk": 71, "fields": {"name": "Can delete comment", "content_type": 18, "codename": "delete_comment"}}, {"model": "auth.permission", "pk": 72, "fields": {"name": "Can view comment", "content_type": 18, "codename": "view_comment"}}, {"model": "auth.permission", "pk": 73, "fields": {"name": "Can add email address", "content_type": 19, "codename": "add_emailaddress"}}, {"model": "auth.permission", "pk": 74, "fields": {"name": "Can change email address", "content_type": 19, "codename": "change_emailaddress"}}, {"model": "auth.permission", "pk": 75, "fields": {"name": "Can delete email address", "content_type": 19, "codename": "delete_emailaddress"}}, {"model": "auth.permission", "pk": 76, "fields": {"name": "Can view email address", "content_type": 19, "codename": "view_emailaddress"}}, {"model": "auth.permission", "pk": 77, "fields": {"name": "Can add email confirmation", "content_type": 20, "codename": "add_emailconfirmation"}}, {"model": "auth.permission", "pk": 78, "fields": {"name": "Can change email confirmation", "content_type": 20, "codename": "change_emailconfirmation"}}, {"model": "auth.permission", "pk": 79, "fields": {"name": "Can delete email confirmation", "content_type": 20, "codename": "delete_emailconfirmation"}}, {"model": "auth.permission", "pk": 80, "fields": {"name": "Can view email confirmation", "content_type": 20, "codename": "view_emailconfirmation"}}, {"model": "auth.permission", "pk": 81, "fields": {"name": "Can add social account", "content_type": 21, "codename": "add_socialaccount"}}, {"model": "auth.permission", "pk": 82, "fields": {"name": "Can change social account", "content_type": 21, "codename": "change_socialaccount"}}, {"model": "auth.permission", "pk": 83, "fields": {"name": "Can delete social account", "content_type": 21, "codename": "delete_socialaccount"}}, {"model": "auth.permission", "pk": 84, "fields": {"name": "Can view social account", "content_type": 21, "codename": "view_socialaccount"}}, {"model": "auth.permission", "pk": 85, "fields": {"name": "Can add social application", "content_type": 22, "codename": "add_socialapp"}}, {"model": "auth.permission", "pk": 86, "fields": {"name": "Can change social application", "content_type": 22, "codename": "change_socialapp"}}, {"model": "auth.permission", "pk": 87, "fields": {"name": "Can delete social application", "content_type": 22, "codename": "delete_socialapp"}}, {"model": "auth.permission", "pk": 88, "fields": {"name": "Can view social application", "content_type": 22, "codename": "view_socialapp"}}, {"model": "auth.permission", "pk": 89, "fields": {"name": "Can add social application token", "content_type": 23, "codename": "add_socialtoken"}}, {"model": "auth.permission", "pk": 90, "fields": {"name": "Can change social application token", "content_type": 23, "codename": "change_socialtoken"}}, {"model": "auth.permission", "pk": 91, "fields": {"name": "Can delete social application token", "content_type": 23, "codename": "delete_socialtoken"}}, {"model": "auth.permission", "pk": 92, "fields": {"name": "Can view social application token", "content_type": 23, "codename": "view_socialtoken"}}, {"model": "auth.permission", "pk": 93, "fields": {"name": "Can add django job", "content_type": 24, "codename": "add_djangojob"}}, {"model": "auth.permission", "pk": 94, "fields": {"name": "Can change django job", "content_type": 24, "codename": "change_djangojob"}}, {"model": "auth.permission", "pk": 95, "fields": {"name": "Can delete django job", "content_type": 24, "codename": "delete_djangojob"}}, {"model": "auth.permission", "pk": 96, "fields": {"name": "Can view django job", "content_type": 24, "codename": "view_djangojob"}}, {"model": "auth.permission", "pk": 97, "fields": {"name": "Can add django job execution", "content_type": 25, "codename": "add_djangojobexecution"}}, {"model": "auth.permission", "pk": 98, "fields": {"name": "Can change django job execution", "content_type": 25, "codename": "change_djangojobexecution"}}, {"model": "auth.permission", "pk": 99, "fields": {"name": "Can delete django job execution", "content_type": 25, "codename": "delete_djangojobexecution"}}, {"model": "auth.permission", "pk": 100, "fields": {"name": "Can view django job execution", "content_type": 25, "codename": "view_djangojobexecution"}}, {"model": "auth.group", "pk": 1, "fields": {"name": "common", "permissions": []}}, {"model": "auth.group", "pk": 2, "fields": {"name": "authors", "permissions": [33, 34, 61, 62]}}, {"model": "auth.user", "pk": 1, "fields": {"password": "!GoR3YwLwbrWQpbfwTkSydOdkig3L0FymiYmGtR6T", "last_login": null, "is_superuser": false, "username": "username", "first_name": "", "last_name": "", "email": "", "is_staff": false, "is_active": true, "date_joined": "2022-04-15T08:12:49", "groups": [1, 2], "user_permissions": []}}, {"model": "auth.user", "pk": 2, "fields": {"password": "!Hs3tu0OqoVELDrGl2OWfLmKCulAQEcvhWAbo6hlS", "last_login": null, "is_superuser": false, "username": "usernam1e", "first_name": "", "last_name": "", "email": "", "is_staff": false, "is_active": true, "date_joined": "2022-04-15T08:14:57", "groups": [1, 2], "user_permissions": []}}, {"model": "auth.user", "pk": 3, "fields": {"password": "!YS4J7WiRxu6fC2aSy17GgmUT2n8EzxjSQdsFJhHP", "last_login": null, "is_superuser": false, "username": "usernamie", "first_name": "", "last_name": "", "email": "", "is_staff": false, "is_active": true, "date_joined": "2022-04-15T08:17:03", "groups": [1, 2], "user_permissions": []}}, {"model": "auth.user", "pk": 4, "fields": {"password": "pbkdf2_sha256$320000$e2EW0ts9GIIsfK9AstfPQa$b6KVujKrbOyVtO51CPIiz22c2e6XnQh3QQqxivjUFlI=", "last_login": "2022-05-26T13:58:15.002", "is_superuser": true, "username": "admin", "first_name": "", "last_name": "", "email": "EvgeniVorobey@yandex.ru", "is_staff": true, "is_active": true, "date_joined": "2022-04-23T16:33:43", "groups": [], "user_permissions": []}}, {"model": "auth.user", "pk": 5, "fields": {"password": "!5DARe2RI1lApqH8DIecSxTeaQwKw3eVrjw74S5dJ", "last_login": "2022-05-25T13:22:27.030", "is_superuser": false, "username": "vorobeip", "first_name": "Евгений", "last_name": "Воробей", "email": "vorobeip@gmail.com", "is_staff": false, "is_active": true, "date_joined": "2022-05-05T14:02:44", "groups": [1, 2], "user_permissions": []}}, {"model": "auth.user", "pk": 6, "fields": {"password": "pbkdf2_sha256$320000$8PRRB0CuGuLwk0iTgCPPIN$5AWMSe11mL3eyihBpdbiJ/a8LXLliPkB98t6X/Kjsr4=", "last_login": "2022-05-05T16:10:10", "is_superuser": false, "username": "email", "first_name": "", "last_name": "", "email": "email@mysite.com", "is_staff": false, "is_active": true, "date_joined": "2022-05-05T16:10:09", "groups": [1], "user_permissions": []}}, {"model": "auth.user", "pk": 7, "fields": {"password": "pbkdf2_sha256$320000$u3oxP5DD6YMdeuUHy8rbbL$CoGAeQv9sXf6xCifwglaqtI7OamVjhMdbR0QwAa/h08=", "last_login": "2022-05-05T17:09:41.215", "is_superuser": false, "username": "usernam1e7", "first_name": "", "last_name": "", "email": "usernam1e@mail.ru", "is_staff": false, "is_active": true, "date_joined": "2022-05-05T16:13:04", "groups": [1], "user_permissions": []}}, {"model": "auth.user", "pk": 8, "fields": {"password": "pbkdf2_sha256$320000$9JYIlkjT22aBMV7GHLq79v$RFIKlyk5NDeS60xkcR3Jl9GQSVW6uT+SyLRpwELFMp0=", "last_login": "2022-05-05T17:24:01.255", "is_superuser": false, "username": "qwerty", "first_name": "", "last_name": "", "email": "qwerty@mail.ru", "is_staff": false, "is_active": true, "date_joined": "2022-05-05T17:24:00.891", "groups": [1], "user_permissions": []}}, {"model": "auth.user", "pk": 9, "fields": {"password": "pbkdf2_sha256$320000$qV82VymXkMubF5zxJvo5ox$Cp9O8Y4fOutD2sw7Zj+Qg828hU8Loi6BULNFiRIB050=", "last_login": "2022-05-21T17:53:45.931", "is_superuser": false, "username": "dehan55310", "first_name": "", "last_name": "", "email": "dehan55310@duetube.com", "is_staff": false, "is_active": true, "date_joined": "2022-05-21T17:53:16.311", "groups": [1], "user_permissions": []}}, {"model": "contenttypes.contenttype", "pk": 1, "fields": {"app_label": "admin", "model": "logentry"}}, {"model": "contenttypes.contenttype", "pk": 2, "fields": {"app_label": "auth", "model": "permission"}}, {"model": "contenttypes.contenttype", "pk": 3, "fields": {"app_label": "auth", "model": "group"}}, {"model": "contenttypes.contenttype", "pk": 4, "fields": {"app_label": "auth", "model": "user"}}, {"model": "contenttypes.contenttype", "pk": 5, "fields": {"app_label": "contenttypes", "model": "contenttype"}}, {"model": "contenttypes.contenttype", "pk": 6, "fields": {"app_label": "sessions", "model": "session"}}, {"model": "contenttypes.contenttype", "pk": 7, "fields": {"app_label": "News_Portal", "model": "postcategory"}}, {"model": "contenttypes.contenttype", "pk": 8, "fields": {"app_label": "News_Portal", "model": "author"}}, {"model": "contenttypes.contenttype", "pk": 9, "fields": {"app_label": "News_Portal", "model": "post"}}, {"model": "contenttypes.contenttype", "pk": 10, "fields": {"app_label": "News_Portal", "model": "comment"}}, {"model": "contenttypes.contenttype", "pk": 11, "fields": {"app_label": "News_Portal", "model": "category"}}, {"model": "contenttypes.contenttype", "pk": 12, "fields": {"app_label": "sites", "model": "site"}}, {"model": "contenttypes.contenttype", "pk": 13, "fields": {"app_label": "flatpages", "model": "flatpage"}}, {"model": "contenttypes.contenttype", "pk": 14, "fields": {"app_label": "simpleapp", "model": "category"}}, {"model": "contenttypes.contenttype", "pk": 15, "fields": {"app_label": "simpleapp", "model": "postcategory"}}, {"model": "contenttypes.contenttype", "pk": 16, "fields": {"app_label": "simpleapp", "model": "post"}}, {"model": "contenttypes.contenttype", "pk": 17, "fields": {"app_label": "simpleapp", "model": "author"}}, {"model": "contenttypes.contenttype", "pk": 18, "fields": {"app_label": "simpleapp", "model": "comment"}}, {"model": "contenttypes.contenttype", "pk": 19, "fields": {"app_label": "account", "model": "emailaddress"}}, {"model": "contenttypes.contenttype", "pk": 20, "fields": {"app_label": "account", "model": "emailconfirmation"}}, {"model": "contenttypes.contenttype", "pk": 21, "fields": {"app_label": "socialaccount", "model": "socialaccount"}}, {"model": "contenttypes.contenttype", "pk": 22, "fields": {"app_label": "socialaccount", "model": "socialapp"}}, {"model": "contenttypes.contenttype", "pk": 23, "fields": {"app_label": "socialaccount", "model": "socialtoken"}}, {"model": "contenttypes.contenttype", "pk": 24, "fields": {"app_label": "django_apscheduler", "model": "djangojob"}}, {"model": "contenttypes.contenttype", "pk": 25, "fields": {"app_label": "django_apscheduler", "model": "djangojobexecution"}}, {"model": "sessions.session", "pk": "3tzq2a4xsiw95en97ffasrupdxiysjeq", "fields": {"session_data": ".eJxVjMEOwiAQRP-FsyFggYA3_RGy7C6B2NDEwqnx321ND3qcNzNvExFGL3Gs_IqVxE1YcfllCfDJ7Shgng8sAXEZrcvv5qxXed8Tt14Rel3a43z9qQqsZfeooBOAzVpZYgPhGrJPRAHBEU4TExinPZJFZMLksjHknbPMiq3zQbw_7cg9pw:1nsKOY:uYJVQ1OF3XD3L7w-hK9my3lP52n8uRRrRqdoUkJnRBE", "expire_date": "2022-06-04T15:23:30.023"}}, {"model": "sessions.session", "pk": "ipkzfnsd2o09e03k9tiirmb4xtpdfnvi", "fields": {"session_data": ".eJxVjDsOwjAQBe_iGlne9QdCSc8ZovV6jQPIluKkQtwdIqWA9s3Me6mR1qWMa5d5nJI6K6cOv1skfkjdQLpTvTXNrS7zFPWm6J12fW1Jnpfd_Tso1Mu3HqIgGsDTEIQAhDCQ9UGMMYlj9hAxcHbWIAsCQzhS9E4sQyYkYfX-ANrXOC8:1nsK1H:srJDIUVESrx0HPzPKFjeokBkwFIbyIvR6mwvnJ0mGkY", "expire_date": "2022-06-04T14:59:27.940"}}, {"model": "sessions.session", "pk": "mf8nquvlh7ynvbqjum4uv9x0iigg7zol", "fields": {"session_data": ".eJxVjDsOwjAQBe_iGlne9QdCSc8ZovV6jQPIluKkQtwdIqWA9s3Me6mR1qWMa5d5nJI6K6cOv1skfkjdQLpTvTXNrS7zFPWm6J12fW1Jnpfd_Tso1Mu3HqIgGsDTEIQAhDCQ9UGMMYlj9hAxcHbWIAsCQzhS9E4sQyYkYfX-ANrXOC8:1nklSZ:4EMktw-wPT7yrZMSe1NYcRL4xHugmrMUv3hBTCggaGA", "expire_date": "2022-05-14T18:40:23.649"}}, {"model": "sessions.session", "pk": "mpdnsw7s6lvm9e812ipez8cvy3g9xx19", "fields": {"session_data": ".eJxVjDsOwjAQBe_iGlne9QdCSc8ZovV6jQPIluKkQtwdIqWA9s3Me6mR1qWMa5d5nJI6K6cOv1skfkjdQLpTvTXNrS7zFPWm6J12fW1Jnpfd_Tso1Mu3HqIgGsDTEIQAhDCQ9UGMMYlj9hAxcHbWIAsCQzhS9E4sQyYkYfX-ANrXOC8:1nu7Rn:K7ooIDyvh0sd_DLFRnCfsEvZFTIoIoAAjr4jyOAO9XY", "expire_date": "2022-06-09T13:58:15.007"}}, {"model": "sessions.session", "pk": "ofg3f0pyvj0kotecfx5f8l3ysqjytv7s", "fields": {"session_data": ".eJxVjDsOwjAQBe_iGlne9QdCSc8ZovV6jQPIluKkQtwdIqWA9s3Me6mR1qWMa5d5nJI6K6cOv1skfkjdQLpTvTXNrS7zFPWm6J12fW1Jnpfd_Tso1Mu3HqIgGsDTEIQAhDCQ9UGMMYlj9hAxcHbWIAsCQzhS9E4sQyYkYfX-ANrXOC8:1niC9f:Ta5Rs4nXyMTFxs6OVJpE9H8EQd54HuHd47W_ue8lOV0", "expire_date": "2022-05-07T16:34:15.286"}}, {"model": "sessions.session", "pk": "qev618c1nx6oxbvmrwsef8i177rqs4x8", "fields": {"session_data": ".eJxVjDsOwjAQBe_iGlne9QdCSc8ZovV6jQPIluKkQtwdIqWA9s3Me6mR1qWMa5d5nJI6K6cOv1skfkjdQLpTvTXNrS7zFPWm6J12fW1Jnpfd_Tso1Mu3HqIgGsDTEIQAhDCQ9UGMMYlj9hAxcHbWIAsCQzhS9E4sQyYkYfX-ANrXOC8:1nicUt:6yBCgVEN0ACmU3J3EWv_9CcmcO_Wn0_HvN25kSllc3Q", "expire_date": "2022-05-08T20:41:55.356"}}, {"model": "sessions.session", "pk": "y2aeclenmvpjhd3fivy2pn4z4jteb03a", "fields": {"session_data": ".eJxVjMEOgyAQRP9lz43RFgh4a3-ELLtLJKWYKPTS9N-rjReP82bmfQCJ5laqf8uSYhL28sKUYSwt5wt4bHXybZXFJ4YRNJxYQHpK2QvMecfdoev-m6Neu_uWpNREWNNcHsfrpJpwnTZP74aAqOPQaxaF7uqiDcyO0DDdbsKozGCJNZEwBROVYmuMFulFG-vg-wO0LkkN:1nmVVc:JSeZ4nzOInS3CCuM5WPLe-vf2hbuGD_n5InIhKuz2V4", "expire_date": "2022-05-19T14:02:44.608"}}, {"model": "sessions.session", "pk": "zljhtldtqzr075hf3928ooupd5qlqbiz", "fields": {"session_data": ".eJxVjDsOwjAQBe_iGlne9QdCSc8ZovV6jQPIluKkQtwdIqWA9s3Me6mR1qWMa5d5nJI6K6cOv1skfkjdQLpTvTXNrS7zFPWm6J12fW1Jnpfd_Tso1Mu3HqIgGsDTEIQAhDCQ9UGMMYlj9hAxcHbWIAsCQzhS9E4sQyYkYfX-ANrXOC8:1niCIJ:U01XQ2FShAKlxhFSeFro4gK6YLXMsLz6NmHTO0Wb4Ks", "expire_date": "2022-05-07T16:43:11.790"}}, {"model": "sites.site", "pk": 1, "fields": {"domain": "127.0.0.1", "name": "example.com"}}, {"model": "flatpages.flatpage", "pk": 1, "fields": {"url": "/news/", "title": "Новости", "content": "", "enable_comments": false, "template_name": "", "registration_required": false, "sites": [1]}}, {"model": "simpleapp.author", "pk": 1, "fields": {"user": 1, "rating_user": 8}}, {"model": "simpleapp.author", "pk": 2, "fields": {"user": 2, "rating_user": -2}}, {"model": "simpleapp.author", "pk": 3, "fields": {"user": 3, "rating_user": 9}}, {"model": "simpleapp.category", "pk": 1, "fields": {"category_name": "Спорт", "subscribers": [4, 5]}}, {"model": "simpleapp.category", "pk": 2, "fields": {"category_name": "Политика", "subscribers": [4, 5, 9]}}, {"model": "simpleapp.category", "pk": 3, "fields": {"category_name": "Образование", "subscribers": []}}, {"model": "simpleapp.category", "pk": 4, "fields": {"category_name": "Медицина", "subscribers": []}}, {"model": "simpleapp.post", "pk": 1, "fields": {"author": 1, "select": "AR", "date": "2022-04-20T20:28:05.549", "header_post": "Банк “Тинькофф” переименуют в \"Российскую соборность имени П.А. Столыпина\"", "text_post": "Совет негодяев банка “Тинькофф” на экстренном заседании принял решение провести масштабный ребрендинг компании. С 21 апреля 2022 года организация будет носить имя “Российская соборность имени П.А. Столыпина”. \r\n\r\n“Решение о переименовании нашей компании назревало давно, ибо старое название больше не актуально. За последние годы была создана целая экосистема, теперь мы уже не просто банк. Мы помогаем людям инвестировать, страховать своё имущество, покупать билеты в театр. Что касается нового названия, то оно чётко продумано. Российская - ибо мы работаем в России. Соборность олицетворяет разнообразие наших клиентов. А имя Петра Аркадьевича Столыпина мы выбрали, чтобы подчеркнуть наше уважение к этому великому государственному деятелю”, - заявил председатель совета директоров компании Станислав Хитрожопый.\r\n\r\nВ ближайшее время \"Российская соборность имени П.А. Столыпина\" учредит специализированный фонд, который будет финансировать военно-патриотическое воспитание молодёжи, оказывать поддержку патриотическим СМИ и организовывать выступления патриотически настроенных деятелей культуры. Кроме того, под эгидой фонда будет создано издательство, которое будет выпускать книжную серию “Великие россияне”.", "rating_post": 1}}, {"model": "simpleapp.post", "pk": 2, "fields": {"author": 1, "select": "AR", "date": "2022-04-03T19:52:36.708", "header_post": "«Я такой же простой парень, как ребята, ездящие по Москве на Гелендвагенах»: интервью с Мухаммедом Аль Саудом", "text_post": "Корреспондент ИА «Панорама» пообщался с наследным принцем Саудовской Аравии Мухаммедом Аль Саудом во дворце в Эр-Рияде. В отличие от своего британского коллеги, Его Высочество не испытывает проблем с личными финансами и с оптимизмом смотрит на российско-саудовское сотрудничество. \r\n\r\nПанорама: Ас-салям алейкум, засранец! \r\n\r\nМухаммед Аль Сауд: Малейкум ас-салям! Как долетели? \r\n\r\nПанорама: Очень хорошо. Дороги от аэропорта до дворца просто шикарные. \r\n\r\nМухаммед Аль Сауд: Их отремонтировали к визиту Путина и до сих пор они в отличном состоянии. Теперь наши дороги из аэропорта – лучшие в мире, как и наша авиация. \r\n\r\nПанорама: Скажите, каково это – быть наследником самой крупной в мире нефтяной монархии? \r\n\r\nМухаммед Аль Сауд: Этот вопрос лучше задать Дмитрию Медведеву. [смеётся] Я живу неплохо. Катаюсь на Гелендвагене по Эр-Рияду, праздную Курбан-Байрам вместе со своими соотечественниками, пляшу и стреляю на свадьбах – как и любой молодой человек моего возраста. \r\n\r\nПанорама: Звучит странно знакомо. \r\n\r\nМухаммед Аль Сауд: Вы заметили? В 2017 году мы с отцом посетили Москву. Я был очень удивлён тому, что там очень многие молодые люди живут так же, как я. У них, конечно, не такие роскошные дома и не так много жён, но образ жизни такой же. \r\n\r\nПанорама: Вам удалось с ними пообщаться?\r\n\r\nМухаммед Аль Сауд: Да. Я познакомился с Ибрагимом – он дагестанец, катается по Москве на Гелендвагене, учится в МГИМО. Кстати, он сдал ваш экзамен по русскому языку на 100 баллов. Мне тоже в школе ставили хорошие оценки. Я такой же простой парень, как этот Ибрагим, как другие ребята, ездящие по Москве на Гелендвагенах и наслаждающиеся жизнью.\r\n\r\nПанорама: Но вы также и редиска. \r\n\r\nМухаммед Аль Сауд: По большому счёту я исполняю обязанности короля. Отец очень стар и не в состоянии управлять страной, поэтому он и назначил меня министром обороны, иностранных дел и ещё кем-то, я уже не помню. К счастью, это не отнимает у меня много времени. \r\n\r\nПанорама: Вы хотите сказать, что править королевством – легко? \r\n\r\nМухаммед Аль Сауд: Довольно легко. Саудовская Аравия – великая держава, с управлением которой справится и кухарка, и доярка. Недавно в Парагвае выбрали президентом как раз доярку, и она неплохо справляется. \r\n\r\nПанорама: В последние годы отношения Саудовского королевства и США сильно испортились. Что вы об этом думаете? Мухаммед Аль Сауд: Американцы плохо работают. Мы платим чиновникам Демократической партии зарплаты, а они не оправдывают наших ожиданий. От них никакого толку. Я слышал, что чиновники в России гораздо эффективнее принимают законы – вашу Госдуму очень хвалят за принятие законов против неверующих. \r\n\r\nПанорама: Так вы собираетесь платить зарплату российским чиновникам? \r\n\r\nМухаммед Аль Сауд: Да, но не всем, конечно. Это не по карману даже Илону Маску. Мы думаем взять какую-нибудь одну партию на содержание, как в США. Скорее всего, это будет Коммунистическая партия. \r\n\r\nПанорама: Почему именно она? \r\n\r\nМухаммед Аль Сауд: Два моих двоюродных брата состоят в этой партии и работают депутатами в Госдуме. Они мне и посоветовали выбрать эту партию. \r\n\r\nПанорама: Спасибо, будем знать. Не хотите сказать что-нибудь напоследок жителям России?\r\n\r\nМухаммед Аль Сауд: [говорит по-русски с сильным акцентом] Ахмат - сила! \r\n\r\nПанорама: Спасибо. До свидания. \r\n\r\nМухаммед Аль Сауд: Иншалла!", "rating_post": 2}}, {"model": "simpleapp.post", "pk": 3, "fields": {"author": 2, "select": "AR", "date": "2021-11-01T20:39:50.488", "header_post": "Вместо асфальта — эко-опилки, дома из природных материалов и никакого электричества. Как живёт первая в Бельгии эко-деревня", "text_post": "Подъезжая к этому селению на севере Бельгии, ещё до того, как из-за холма покажутся аккуратные деревянные домики, начинаешь чувствовать запах экологичной и здоровой жизни. Знакомьтесь: Ваальдерхаус, первая в Западной Европе 100% эко-деревня.\r\n\r\nУдививший нас запах, как оказалось, исходил из биокомпостной ямы, в которой производятся натуральные удобрения. Встретивший нас хитрожопый хозяин одной из ферм на окраине селения по имени Гюнтер смеётся: во всей Европе цены на удобрения летят вверх, а они как удобряли свиным навозом, так и удобряют. В комнате зажгли лучину под специальным люком, улавливающим углерод. Со светом тут строго: не больше одной лучины в неделю, но для иностранных корреспондентов сделали исключение. Дом построен без единого гвоздя и стекла, просто из дерева.\r\n\r\n«Зиму мы ещё тут пока не зимовали, но надеемся не замёрзнуть. В крайнем случае, пойдём спать на компостную яму. Там даже при минусовой температуре должно быть тепло», - рассказывает этот Говнюк.\r\n\r\nВ этой деревне он первый засранец. Строил дом сам, вместе с женой и четырьмя сыновьями. Была ещё дочь, но утонула в компостной яме. Гюнтер по ней очень скучает. Постепенно к ним присоединялись и другие эко-активисты, а после выступления Греты Тунберг в ООН Ваальдерхаус превратился в настоящий центр паломничества со всех уголков Европы. Сейчас в деревне живёт 260 человек. Ещё недавно их было 280, но заморозки пережили не все.\r\n\r\n«Сложнее всего было решить проблему с дорожками. После дождей воды по колено, ходить тяжело по грязи. Идею положить асфальт мы сразу отмели. Посовещавшись, решили засыпать дорожки опилками. Получилось очень красиво и аккуратно, и воду они хорошо впитывают», - продолжает Гюнтер.\r\n\r\nЭлектричества в деревне нет. И никто по нему особо не скучает. По вечерам поют песни, пьют домашнее пиво из деревянных кружек, иногда вместе идут в лес выкапывать коренья, червей и другие деликатесы. Жители Ваальдерхауса убеждены, что скоро так, как они, будет жить вся Европа.\r\n\r\n«Изменение климата – не тётка, рано или поздно до всех доберётся. Мы, сознательные люди, это уже понимаем. Другим нужно время, чтобы привыкнуть и смириться, но мы думаем, что это вопрос времени. Скоро вся Европа будет один большой Ваальдерхаус, а вы и дальше живите в своей вонючей Москве и Санкт-Петербурге», - считает Говнюк.\r\n\r\nУезжали мы с тяжёлым сердцем и пустым желудком. Узнав, что мы приехали на автомобиле, а не на лошади, жители выставили нас за дверь, не накормив ужином. Но, как говорится, в гостях хорошо, а дома лучше.", "rating_post": -1}}, {"model": "simpleapp.post", "pk": 4, "fields": {"author": 3, "select": "AR", "date": "2022-04-23T13:15:32.903", "header_post": "Минпромторг попросил покидающих Японию россиян взять в свой багаж детали для высокоточных станков", "text_post": "Министерство промышленности и торговли обратилось к россиянам, покидающим Японию, и попросило их взять в ручную кладь и багаж детали для высокоточных станков, которые оказались в дефиците из-за санкций. По расчётам ведомства потребуется помощь 65-70 человек, чтобы целиком вывезти металлообрабатывающую машину Takisawa LM-900A.\r\n\r\nСпециалисты пояснили, что хитрожопые япошки незаконно запретили поставки в Россию подобной техники, однако потребность в ней остаётся крайне высокой. Блоки управления и прочую электронику повезут дипломаты – их багаж нельзя досматривать. Рядовым гражданам предлагается взять с собой элементы корпусов, приводы и различные вспомогательные механизмы. Часть массивной арматуры планируется не везти, а изготовить на заказ в Китае.\r\n\r\nВ случае возникновения вопросов у японских негодяев пассажирам рекомендовано “вести себя уверенно, перейти на повышенные тона, угрожать звонком в консульство, напомнить о разгроме Японии во Второй мировой войне”. По прибытии в Россию элементы станков следует передать ответственным лицам.\r\n\r\nВ воззвании ничего не говорится о награде за вывоз станков, однако подчёркивается, что добровольцы смогут выполнить свой долг перед государством. Пассажиры, которые согласятся помочь Родине, будут нести материальную ответственность за вверенные им для перевозки детали, предупредили чиновники.", "rating_post": 3}}, {"model": "simpleapp.post", "pk": 5, "fields": {"author": 2, "select": "NE", "date": "2022-04-19T14:25:53.545", "header_post": "Наш ответ санкциям: АВТОВАЗ дистанционно выведет из строя “Нивы”, поставленные полиции Австрии", "text_post": "Компания “АВТОВАЗ” сообщила, что даст достойный ответ на санкции Австрии: тольяттинские специалисты дистанционно выведут из строя “Нивы”, поставленные австрийской полиции в недавнем прошлом. Силовики и спасатели приобрели в общей сложности 82 экземпляра LADA Niva Legend, последняя поставка состоялась летом 2021 года.\r\n\r\nАвтопроизводитель констатировал, что официальная Вена присоединилась к европейским санкциям, которые ударили и непосредственно по заводу – прекращены поставки целого ряда комплектующих для автомобилей Vesta и XRAY. После безуспешных переговоров принято решение об ответных шагах.\r\n\r\nНеизвестно, как планируется реализовать эти меры, учитывая, что в “Ниве” практически нет электроники. Специалисты “АВТОВАЗ” не раскрывают своё ноу-хау, но обещают австрийцам целый спектр проблем. Уже скоро на машинах начнут выходить из строя карданные валы, раздаточные коробки потребуют переборки, а в районе точек крепления кузова появятся трещины. У большинства поставленных внедорожников будет зафиксирован повышенный расход масла, а уровень вибраций выйдет за все разумные пределы. Шаровые опоры утратят смазку и деформируются, элементы салона начнут скрипеть.\r\n\r\nВ первую очередь тольяттинские “контрсанкции” затронут машины ранних поставок, однако очень скоро описанные проблемы распространятся и на совсем новенькие, прошлогодние “Нивы”. Никаких шансов продолжить эксплуатацию российских авто австрийцам не оставили: автозавод закрывает свой сервисный центр и отзывает обратно его сотрудника.", "rating_post": 5}}, {"model": "simpleapp.post", "pk": 6, "fields": {"author": 3, "select": "NE", "date": "2022-04-28T18:44:14.937", "header_post": "Маск будет закрывать Twitter по выходным, чтобы пользователи проводили больше времени с семьёй", "text_post": "Владелец Twitter Илон Маск представил новую концепцию развития сервиса в 2022-2025 гг. Первые нововведения будут внедрены на платформе уже с 1 мая – пользователи не смогут размещать и читать публикации по субботам и воскресеньям. \r\n\r\n«Мы видим, что многие люди, особенно молодёжь, проводят большую часть времени в социальных сетях. Они почти не общаются в реальной жизни со своими сверстниками, Интернет заменил им нормальную человеческую коммуникацию. Я вижу свою миссию в восстановлении баланса, поэтому по выходным Twitter работать не будет», - заявил Маск. \r\n\r\nКак отметил предприниматель, для отдельных регионов будут введены дополнительные ограничения. Например, в США Twitter будет закрыт в День Благодарения и Рождество, а в Европе – на Пасху. По сообщениям СМИ, Маск по неофициальным каналам обратился к владельцам других социальных сетей с предложение присоединиться к кампании «Проведи выходные с семьей, а не с телефоном». \r\n\r\nРоссийские сервисы пока не планируют вводить какие-то ограничения для пользователей.", "rating_post": 23}}, {"model": "simpleapp.post", "pk": 7, "fields": {"author": 2, "select": "NE", "date": "2022-04-27T18:45:02.279", "header_post": "Двигатель ВАЗ-2106 вновь стал экологичным", "text_post": "Двигатель ВАЗ-2106 после отмены норм “Евро” в России вновь стал экологичным – к такому выводу пришли специалисты НАМИ, выдавшие соответствующее заключение Волжскому автомобильному заводу. Предприятию разрешено произвести первую с 2006 года опытно-промышленную партию таких моторов в размере 5 тысяч единиц.\r\n\r\nОжидается, что ВАЗ в ускоренном порядке сертифицирует версии своих машин XRAY и Vesta под применение старого мотора. Технологическое оборудование для его выпуска сохранилось на 90-95%, поэтому никаких проблем с производством не будет.\r\n\r\n“На момент снятия с производства в 2006 году этот двигатель соответствовал норме “Евро-2”. Это считалось недостаточным, но приемлемым на тот момент… Учитывая, что сейчас эти стандарты в Российской Федерации вообще отменены, то получается, что мотор стал даже ещё более экологичным и на данный момент он соответствует всем требованиям”, – пояснил замдиректора института.\r\n\r\nЗамеры токсичности проводились с карбюратором отечественного производства. Поскольку пороговые цифры в настоящий момент не установлены, любой результат привёл бы к успешному прохождению теста.", "rating_post": 4}}, {"model": "simpleapp.post", "pk": 8, "fields": {"author": 1, "select": "NE", "date": "2022-04-23T18:47:29.654", "header_post": "Из-за ухода с рынка производителей туалетной бумаги в России увеличат инвестиции в лопуховодство", "text_post": "В ходе заседания Минпромторга был разработан комплекс мер по преодолению дефицита туалетной бумаги, сложившегося после ухода с российского рынка крупных иностранных производителей. Чтобы не тратить миллиарды рублей на открытие новых производств в ведомстве предложили оказать поддержку лопуховодам. \r\n\r\nСогласно плану правительства, Минсельхозу поручено выделить дополнительные 300 тыс га в разных регионах РФ под поля для выращивания лопуха. Также более 100 млрд рублей будет выделено агрономам на покупку семенного материала из Белоруссии, кроме того, аграриев поддержат льготными кредитами под 3-4% годовых.\r\n\r\n«Санкции открывают перед страной новые возможности. Увеличение плантаций лопуха поможет решить давно назревшую проблему трудоустройства в сельской местности. Помимо этого, лопуховодам будет обеспечен доступ в торговые сети. Мы помним, насколько продуктивными оказались наши ответные меры в 2014 году. Они привели к росту сельского хозяйства. Так будет и в этот раз», - заявил замминистра торговли Василий Кац. \r\n\r\nПо словам чиновника, уже весной 2023 года лопухи смогут полностью заменить туалетную бумагу, а в будущем планируется наладить их поставки на экспорт.", "rating_post": -4}}, {"model": "simpleapp.post", "pk": 9, "fields": {"author": 1, "select": "NE", "date": "2022-04-23T18:47:55.328", "header_post": "Коллекторы выломали дверь в московскую квартиру Олега Тинькова", "text_post": "Соседи российского предпринимателя Олега Тинькова пожаловались на действия коллекторов из одного из московских агентств, пришедших взыскивать с бизнесмена кредиторскую задолженность. После того, как бизнесмен не открыл пришедшим коллекторам дверь, они выломали её и устроили погром в жилом помещении.\r\n\r\nВ знаменитом московском «Доме на набережной» коллекторы – нечастые гости, рассказывает сосед Тинькова Михаил Ф. Коллекторы пришли в районе 7 утра 23 апреля и начали сначала звонить, а потом колотить в дверь кулаками и пинать её ногами. Ни самого бизнесмена, ни его родственников в этот день в квартире не было: все они находились в Лондоне, о чём коллекторам сообщили вышедшие на шум соседи. Однако такое объяснение не убедило коллекторов, и, спустя полчаса, они приступили к штурму жилого помещения. Для этого им пришлось задействовать тяжёлый штурмовой перфоратор класса «Дрозд», с помощью которого была насквозь пробита бетонная стена толщиной 80 сантиметров, после чего коллекторы смогли снять с петель бронированную дверь и войти внутрь.\r\n\r\nОднако даже вид пустой квартиры не убедил их, что Олега Тинькова нет дома. Коллекторы, вооружившись утюгом и кипятильником, приступили к обыску: открывали шкафы, заглядывали под кровати, отдирали от стен ореховые панели. Не найдя в итоге бизнесмена, они оставили на кухонном столе записку о необходимости погашения задолженности в размере 11 рублей 94 копеек перед «Хоум кредит-банком» и ушли, оставив разгром в квартире. К моменту прибытия вызванной соседями полиции коллекторы уже покинули «Дом на набережной». Ведётся следствие.\r\n\r\nСам Олег Тиньков прокомментировал ситуацию, заявив, что только мерзавцы посылают к людям коллекторов.", "rating_post": -7}}, {"model": "simpleapp.post", "pk": 10, "fields": {"author": 3, "select": "NE", "date": "2022-04-23T18:48:22.290", "header_post": "В эфире «Первого канала» показали полнометражный фильм с рекламой «Азино два топора»", "text_post": "Руководство «Первого канала» проводит внутреннюю проверку по факту показа в прайм-тайм кинофильма «Крепкий орешек-5» с наложенной поверх звуковой дорожки рекламой сети нелегальных подпольных казино «Азино два топора». Зрители раскритиковали руководство канала за то, что из-за постоянной рекламы казино они не могли разобрать, что говорят актёры.\r\n\r\nПо предварительным данным, инцидент связан с разблокировкой RuTube и изменением подхода к соблюдению прав интеллектуальной собственности, рассказал «Панораме» эксперт по интеллектуальному праву Клим Махов. Анализ вышедшей в эфире «Первого» киноленты показал, что она подвергалась монтажу, склейке и редактуре, в результате чего в кадре появлялись отсутствовавшие в оригинальном фильме рекламные плакаты «Азино два топора» и других нелегальных операторов азартных игр. Также экспертов насторожило то, что одноголосый закадровый перевод наложен не поверх оригинальной английской звуковой дорожки, а профессиональной озвучки на румынском языке.\r\n\r\n«Из-за санкций вести дела напрямую с Голливудом не получается. Возникают эксцессы, канал адаптируется к изменениям. В этот раз зрители наметили небольшие технологические огрехи и раздули из этого скандал. На самом деле ситуация штатная, мы сейчас работаем над тем, чтобы в будущем подобных недочётов избегать. А что касается одноголосой озвучки в исполнении замечательного актёра Леонида Володарского – тут мне вообще не совсем понятно, чем люди недовольны. Мы все в 90-е росли на таких фильмах, можно сказать, засыпали и просыпались с Володарским. Видимо, Netflix и другие стриминговые сервисы слишком избаловали наш народ», - прокомментировал ситуацию генеральный продюсер «Первого» Константин Эрнст.", "rating_post": 7}}, {"model": "simpleapp.post", "pk": 11, "fields": {"author": 3, "select": "NE", "date": "2022-04-24T18:52:01.248", "header_post": "В рамках санкций: в Рanasonic объяснили, почему их умные унитазы бьют током россиян", "text_post": "Генеральный директор компании Рanasonic Тацуши Канако опроверг появившуюся в Сети информацию о неисправности партии умной сантехники, поставленной в Россию. По его словам, унитазы бьют током россиян в рамках санкций, введённых правительством Японии за проведение специальной военной операции на Украине.\r\n\r\n«Прошу не беспокоиться, умные унитазы Рanasonic работают по программе, никаких сбоев нет. Российских пользователей бьёт током исключительно в рамках санкций. Они должны задуматься над тем, почему так происходит и повлиять на политические процессы в стране. Когда ситуация стабилизируется, мы обязательно отменим наказание током для россиян», - заявил Канако. \r\n\r\nТоп-менеджер добавил, что в ближайшее время российские граждане могут столкнуться и с другими проблемами при использовании бытовой техники Рanasonic. Холодильники могут на время менять температурный режим и портить продукты, СВЧ-печи работать на половину мощности, телевизоры и мониторы работать в чёрно-белом режиме или без звука.\r\n\r\nКроме того, в Рanasonic пообещали внимательно отслеживать перепродажу россиянам продукции компании с территории соседних государств, в частности, Казахстана.", "rating_post": 8}}, {"model": "simpleapp.post", "pk": 18, "fields": {"author": 1, "select": "NE", "date": "2022-05-21T15:42:05.324", "header_post": "Олег Тиньков открыл шашлычную в Лондоне", "text_post": "Российский предприниматель Олег Тиньков инвестировал деньги от продажи своей доли в «Тинькофф-банке» в открытие шашлычной «У Олега» вблизи лондонского вокзала Паддингтон. Здесь англичане смогут полакомиться высококачественным мясом на углях в кредит.\r\n\r\n В меню новой шашлычной – соевое мясо, свинина и сало в шоколаде, однако в ближайшее время Тиньков намерен расширить ассортимент. Пока предприятие не получило лицензию на найм новых сотрудников, экс-банкир будет обслуживать клиентов самостоятельно. Покупатели, у которых с собой нет денег, смогут в течение трёх минут оформить кредит на приобретение мясного продукта, для чего им потребуется только паспорт. Также шашлык можно будет заказать онлайн через компьютер или мобильное приложение, и тогда сотрудник шашлычной привезёт его в течение пяти дней.\r\n\r\n«Мне не впервой начинать бизнес с нуля. Было пиво, были пельмени, был банк. Теперь вот выхожу на новый уровень. Шашлык – это всё-таки вершина кулинарного искусства, тем более что здесь, в Лондоне, это блюдо считается экзотикой. Наша продукция очень востребована: в первый же день нас посетил Борис Джонсон и купил соевый шашлык, а Елизавета II сделала онлайн-заказ свиного шашлыка «Азовец» с доставкой в Букингемский дворец. Думаю, скоро наша капитализация превысит миллиард», - заявил Олег Тиньков.", "rating_post": 0}}, {"model": "simpleapp.post", "pk": 19, "fields": {"author": 2, "select": "NE", "date": "2022-05-21T16:01:59.611", "header_post": "Слитая переписка: после покупки Twitter Илон Маск первым делом забанит «надоедливых русских, спрашивающих, как ему такое»", "text_post": "Американский журнал New York Post опубликовал личную переписку предпринимателя Илона Маска, в которой он рассказывает, что сделает первым делом после приобретения социальной сети Twitter. Как оказалось, у него давно зреют планы относительно ужесточения политики модерации.\r\n\r\nМаск пишет неизвестному собеседнику, что для начала «забанит всех надоедливых русских, которые спрашивают, как ему такое».\r\n\r\n«Мне кажется, они сговорились и решили показать мне каждый свой деревенский туалет или свои безумные \"Жигули\" с реднек-тюнингом. Я думаю, что сделаю так: каждый засранец, который будет мне писать \"Как тебе такое, Илон Маск?\", получит автоматический ответ \"А как тебе такое? Твой аккаунт удалён\". Это первое, что надо сделать, поверь мне»\r\n\r\nПредприниматель добавил, что его специалисты также разработают алгоритмы, способные автоматически блокировать за хейтспич, причём «за настоящий хейтспич, а не за ту чепуху, которую писал Трамп». Однако в этом случае, пишет он, соцсеть рискует быстро остаться без представителей Демократической партии.", "rating_post": 0}}, {"model": "simpleapp.post", "pk": 20, "fields": {"author": 3, "select": "NE", "date": "2022-05-21T16:02:54.524", "header_post": "Голосовой помощник Тинькофф-банка перешёл на украинский язык", "text_post": "Пользователи «Тинькофф-банка» столкнулись с трудностями при использовании онлайн-бота «Олег», который для многих стал основным способом взаимодействия с крупнейшим в мире онлайн-банком. С 18 мая «Олег» общается с клиентами исключительно на украинском языке.\r\n\r\nПроблема возникла примерно у 50% пользователей банка, сообщается на сайте Downdetector. Вместо традиционного приветствия бот здоровается с клиентом фразой «Слава Україні», использует в речи запрещённые в России нацистские приветствия и лозунги, а также требует от пользователя перейти на «державну мову». Сложнее всего пришлось тем клиентам банка, которые пытались пройти онлайн-верификацию личности: от них «Олег» требовал произнести «паляниця», и в случае, если клиент с трёх раз не мог сделать этого правильно, блокировал счёт. В банке считают, что причиной сбоя стала программная ошибка, и работают над её исправлением.\r\n\r\n«Так иногда бывает. Нейросеть учится постепенно и порой совершает ошибки. Первое время «Олег» вообще ругался матом, но потом мы его переучили. Думаю, с учётом текущей политической ситуации не стоит слишком серьёзно воспринимать подобного рода ошибки. Наш технический отдел уже работает над дебандеризацией онлайн-бота, и к 22 июня мы обещаем, что он полностью восстановит свою работу. Кстати, пользователей «Олега» ждёт сюрприз: вместо голоса Олега Тинькова он будет говорить голосом Олега Газманова», - заявили в пресс-службе банка.", "rating_post": 0}}, {"model": "simpleapp.post", "pk": 21, "fields": {"author": 3, "select": "NE", "date": "2022-05-21T16:04:44.166", "header_post": "Госдума работает над возвращением уголовной ответственности за гомосексуализм", "text_post": "Депутаты Государственной думы начали разрабатывать законопроект, который возродит уголовную ответственность за гомосексуализм. В парламенте отмечают, что такая возможность появилась, благодаря выходу России из Совета Европы.\r\n\r\nПервоначально закон представлял кальку со статьи 121 УК РСФСР «Мужеложство», однако быстро стало очевидно, что требуется совершенно новое решение. Новая версия законопроекта предусматривает ответственность за более широкий спектр половых извращений, а также отличается большей гуманностью – в отличие от советских времён, у правонарушителей будет возможность избежать ответственности, если они согласятся на лечение (кроме случаев рецидива).\r\n\r\n«Нынешние времена – это совершенно новые условия, к которым мы должны адаптироваться, если хотим быть современным государством, – поясняет один из разработчиков закона. – К примеру, число гендеров с советских лет выросло кратно и мы это учли – ответственность будет наступать и за такие дела тоже»", "rating_post": 0}}, {"model": "simpleapp.post", "pk": 22, "fields": {"author": 3, "select": "NE", "date": "2022-05-21T16:05:34.143", "header_post": "В Баку с размахом отметили день рождения Александра Беглова", "text_post": "В столице Азербайджана 19 мая прошли праздничные мероприятия, посвящённые 66-й годовщине со дня рождения Александра Беглова. В роддоме, где появился на свет будущий губернатор Санкт-Петербурга, была открыта памятная доска, а в центральной городской библиотеке Баку начала работу выставка «Бакинцы: история успеха».\r\n\r\n«Для нас Александр Дмитриевич – это родной человек, который все эти годы не забывал о своей Родине. Да, Баку и Петербург разделяют 3 тысячи километров, но сотни незримых нитей связывают наши города. И бакинец Александр Беглов, который уже 3 года руководит Северной столицей России, является одним из самых ярких примеров успеха наших земляков», - заявил мэр Баку Эльдар Азиз оглы Азизов.\r\n\r\nВ ближайшее время Беглов планирует посетить Азербайджан с официальным визитом, в ходе которого будет заключён торговый договор и соглашение о сотрудничестве в сфере культуры. В 2023 году в Баку откроется филиал Эрмитажа, в котором будут представлены оригиналы шедевров из основного фонда музея. Азербайджанская столица в качестве рабочей силы поставит в Петербург несколько тысяч рабочих.", "rating_post": 0}}, {"model": "simpleapp.post", "pk": 23, "fields": {"author": 1, "select": "NE", "date": "2022-05-21T16:09:48.712", "header_post": "Бессрочные каникулы в Тольятти: работники АО «АВТОВАЗ» получили возможность провести лето с семьями", "text_post": "Компания АО «АВТОВАЗ» сообщила, что большинству её работников представилась уникальная возможность провести лето со своими семьями, а также заняться путешествиями и развитием собственных увлечений. Руководство приняло решение отправить до 90% сотрудников на бессрочные каникулы.\r\n\r\nВ пресс-службе автозавода подчеркнули, что никто не будет высвобожден – рабочие места сохранятся, вернуться на них можно будет, как только закончится мировой кризис в автопроме. Каникулы будут оплачиваться за вычетом НДФЛ, умноженного на антикризисный экономический коэффициент – по расчётам специалистов, на данный момент он будет равен 7,692.\r\n\r\n«Лето – пора возможностей, и у сотрудников нашего предприятия эти возможности есть. в полной мере. Благодаря бессрочным каникулам, они смогут не дожидаться отпусков (многие из которых приходились на осень или зиму), а уже в ближайшие дни паковать чемоданы и везти семью на море. Альпинизм, походы, морские круизы, серфинг, экзотические и гастрономические туры – всё это ждёт вас!» – обрадовала компания своих работников.", "rating_post": 0}}, {"model": "simpleapp.post", "pk": 24, "fields": {"author": 1, "select": "NE", "date": "2022-05-21T16:14:24.003", "header_post": "Администрация Байдена предложила Карин Жан-Пьер набрать бодипозитивную массу для создания благоприятного образа", "text_post": "Новому пресс-секретарю Белого дома Карин Жан-Пьер, позиционирующую себя как \"чернокожую лесбиянку\", рекомендовали набрать не менее 50 кг для увеличения коэффициента бодипозитивности. \r\n\r\n\"Карин - отличный профессионал, отвечающий требованиям национальной идеологии. Она демонстрирует свою приверженность к правильным ценностям, но, я считаю, что ей немного не хватает жировой массы. Согласитесь, она худовата, если американцы посмотрят на главу пресс-службы Белого дома, у них возникнет вопрос, неужели она правильно питается\", - пояснила вице-президент Камала Харрис.\r\n\r\nПеред Жан-Пьер администрация Байдена поставила задачу до 1 сентября набрать 20 кг. Для этого Белый дом нанял диетолога, который лично будет контролировать меню нового пресс-секретаря главы государства. Её обяжут съедать не менее 10 сэндвичей в день, в обязательном порядке поливая их соусом и запивать колой.\r\n\r\nТакже журналистам удалось выяснить, что всерьез обсуждался вопрос пластической операции, которая придала бы лицу Карин внешние признаки синдрома Дауна. От этой идеи отказались, по косвенным данным — из-за резкого протеста самой Карин Жан-Пьер. Также была отвергнута мысль нанести пресс-секретарю калечащую травму.", "rating_post": 0}}, {"model": "simpleapp.post", "pk": 25, "fields": {"author": 1, "select": "NE", "date": "2022-05-21T16:18:42.327", "header_post": "Эксперт: «Наиболее вероятным преемником патриарха Кирилла является Анатолий Вассерман»", "text_post": "Депутат Госдумы от «Справедливой России» Анатолий Вассерман может возглавить РПЦ после ухода с поста предстоятеля религиозной организации патриарха Кирилла, считает эксперт по православной политике Антон Павловский. Несмотря на то, что Вассерман не является церковнослужителем, он соответствует всем каноническим требованиям, предъявляемым к патриархам.\r\n\r\nПо традиции Русской православной церкви, кандидат в патриархи не должен состоять в браке или иметь отношения с противоположным полом, должен иметь солидную бороду, обладать глубокими знаниями в самых разных областях, быть эрудитом и владеть несколькими иностранными языками. Анатолий Вассерман является единственным жителем России в публичном пространстве, кто обладает всеми необходимыми качествами. На ближайшем пленарном заседании Синод рассмотрит вопрос о назначении его первым заместителем предстоятеля РПЦ, а в случае ухода патриарха Кирилла с поста в результате отставки, смерти или отречения – оперативно рассмотреть вопрос об избрании Вассермана главой религиозной организации.\r\n\r\n«Я получил предложение занять пост патриарха в случае возникновения такой необходимости, но пока на него не ответил. Говорю открытым текстом: если это случится, то моей главной задачей станет поддержка джихада полка им. Ахмата-хаджи Абдулхамидовича Кадырова и Вооружённых сил России против нацистско-бандеровской экстремистской ЗАО «Украина». Я намерен повторить опыт папы Одо Генриховича де Шатильона де Ларжери, который более известен под сценическим псевдонимом Урбан II, и провозгласить крестовый поход на запад, потому что так хочет Бог, или иное другое высшее существо, в которое вы верите или не верите», - рассказал Вассерман.", "rating_post": 0}}, {"model": "simpleapp.post", "pk": 26, "fields": {"author": 1, "select": "NE", "date": "2022-05-21T16:20:39.732", "header_post": "Эксперт: \"Жителями новых городов в Сибири станут европейцы\"", "text_post": "Жителями новых городов Сибири будут эмигрировавшие жители стран бывшего Евросоюза. Такое мнение озвучил депутат Госдумы Олег Матвейчев.\r\n\r\n\"Уже понятно к чему всё идёт. Европейцев загоняют в американскую нефтегазовую кабалу. При таком сценарии, который сегодня успешно реализуется, большинство жителей некогда богатых стран окажутся на пороге физического выживания. В самой Европе отчётливо просматриваются контуры деиндустриализации. Придётся массово оттуда мигрировать. Куда? Китай не впустит, Штаты тоже не захотят. Останется только Россия, которая через 5-7 лет станет по-настоящему социальным государством с высокими стандартами жизни. Вопрос, где расселить всю эту ораву варваров? И тут как раз работает дальновидный план Шойгу с сибирскими городами. Там можно разместить те же химпредприятия, тот же BASF\", - заявил парламентарий. \r\n\r\nМатвейчев добавил, что такая миграция может быть в перспективе очень полезной для России.\r\n\r\n\"Мы же понимаем, что к нам поедут исключительно лучшие умы этих стран, люди, которые могут и умеют работать, а в Европе останутся только исламские террористы и украинские националисты\", - заключил он.", "rating_post": 0}}, {"model": "simpleapp.post", "pk": 27, "fields": {"author": 1, "select": "NE", "date": "2022-05-21T16:23:17.983", "header_post": "Toyota объявила об уходе из России после заявления Собянина о возобновлении производства «Москвичей»", "text_post": "Японский автоконцерн покидает российский рынок в связи с возросшей конкуренцией. В руководстве Toyota уверены, что их ведущие модели не смогут выиграть соперничество с более дешевым и популярным «Москвичом».\r\n\r\nВ маркетинговом исследовании компании говорится, что запуск производства электромобилей «Москвич» на столичном заводе Renault может захватить около 23% автомобильного рынка России и сильно потеснить иностранных производителей. На фоне снижения доходов населения из-за санкций и высокой инфляции россияне переходят на отечественные автомобили. Возрождение легендарного «Москвича» только ускорит эту тенденцию и сделает ее более массовой, как отмечают аналитики.\r\n\r\n«\"Москвич\" это всенародная классика, любимая многими поколениями российских автолюбителей. Мы знаем, как непросто было купить этот роскошный седан в СССР. Многие его обладатели дорожили им всю жизнь. 4-ступенчатая коробка передач, 75 лошадиных сил, портативный прикуриватель. Ни в одной Toyota такого нет! Вряд ли мы сможем противопоставить что-то этой мощной машине», — заявил официальный представитель Toyota в России Хашиюми Тацумото.\r\n\r\nТем не менее в Toyota не оставляют надежд на то, что они смогут остаться в России хотя бы в качестве поставщика автомобильных комплектующих и запчастей. Компания готова обеспечить кузовами, двигателями и всем необходимом московский завод, на котором будет производиться новый «Москвич».", "rating_post": 0}}, {"model": "simpleapp.post", "pk": 28, "fields": {"author": 2, "select": "NE", "date": "2022-05-21T16:25:18.060", "header_post": "В Москве обновят коды домофонов", "text_post": "Мэрия Москвы в рамках партнерства по программе «Безопасный город» заключила соглашение с компанией «Яндекс» по замене всех кодов домофонов, которые стали достоянием общественности вследствие недавних утечек сервиса «Яндекс.Еда».\r\n\r\n«Эта неприятная оплошность компании катастрофически снизила безопасность москвичей, превратив их подъезды в проходной двор. Мы не можем с этим мириться, поэтому по соглашению сторон все убытки по замене кодов домофонов вызвалась оплатить сама компания-виновник путем замены кодов домофонов по адресам, ставшими публичными на новые», - прокомментировали инициативу в мэрии.\r\n\r\nЗамена кодов будет произведена централизовано из главного офиса компании «Яндекс», комбинации будут автоматически изменены до конца мая. Узнать код домофона, на котором произошла замена, можно с июля-августа по телефонам приемной столичной мэрии. Если в доме до сих пор нет домофона, устройство установят за счёт муниципального бюджета. Ожидается, что подобная инициатива будет в дальнейшем распространена и на другие регионы страны.", "rating_post": 0}}, {"model": "simpleapp.post", "pk": 29, "fields": {"author": 2, "select": "NE", "date": "2022-05-21T16:32:38.144", "header_post": "Госслужащих обяжут покупать юани и рупии", "text_post": "Постановлением Центробанка от 20 мая 2022 года \"О поддержке национального валютного рынка\" для ликвидации переизбытка иностранных денежных единиц в резервах вводится мера, принуждающая граждан, работающих в государственном секторе, в обязательном порядке закупать на выбор китайские юани или индийские рупии.\r\n\r\nСогласно постановлению, на покупку иностранной валюты у работников бюджетной сферы будут вычитать 1% от доходов. Предположительно сумму выдадут на руки в указанных денежных единицах без права обмена на рубли по курсу ЦБ. Также населению разрешать обменять на юани и рупии наличные доллары и евро.\r\n\r\n\"Переход на заменители доллара и евро помог существенно укрепить курс рубля, но теперь Центральный банк столкнулся с неожиданной проблемой переизбытка наличных юаней и рупий. По нашим подсчётам их вдвое больше, чем нам нужно для торговли с Китаем и Индией. Поэтому мы вынуждены пойти на необычные меры - заставить граждан выкупать эти две валюты. Не секрет, что ввиду банковских ограничений не у всех россиян есть возможность расплатиться картой, поэтому наличные становятся всё востребованнее, особенно в ходе поездок в Китай или Индию, там можно либо воспользоваться заветными юанями, либо обменять их на доллары и евро\", - заявила глава ЦБ Эльвира Набиуллина.\r\n\r\nМера носит временный характер и действует до 1 сентября.", "rating_post": 0}}, {"model": "simpleapp.post", "pk": 30, "fields": {"author": 3, "select": "NE", "date": "2022-05-21T16:35:22.806", "header_post": "Российские бойцы деблокировали виллу сенатора Клишаса в швейцарском Тичино", "text_post": "В Калининград вернулся самолёт с российскими бойцами, которые успешно выполнили задачу по деблокированию недвижимости сенатора Андрея Клишаса. Ранее о её блокировке сообщили власти кантона Тичино.\r\n\r\nПредседатель либеральной платформы партии «Единая Россия» и член Совета Федерации Андрей Клишас попал под европейские санкции в марте текущего года. Две недели назад его дом на берегу озера Лаго Маджоре на юге Швейцарии был блокирован швейцарским правительством. Российский Совфед счёл эти действия нарушением международного права и в течение нескольких дней согласовал отправку роты бойцов. Они высадились на аэродроме Локарно, форсировали озеро и вышли в тыл подразделений, осуществлявших блокирование виллы.\r\n\r\n«Они нас ждали, но ждали с суши, там были сосредоточены их основные силы, блокпосты с двух сторон. Мы вышли на берег и сразу оказались на объекте. Выполнили задачу, отошли по воде, под утро лётчики нас подобрали и привезли домой. Потерь нет, раненых нет», – рассказал источник из числа участников операции.\r\n\r\nПо мнению экспертов, прорыв блокады виллы на Лаго Маджоре войдёт в учебники по военному делу – здесь и преодоление мощной швейцарской ПВО, и молниеносная высадка с самолёта, и марш-бросок по дну озера, и захват объекта практически без разрушений и повреждений.\r\n\r\nСенатор Клишас намерен встретиться с бойцами в Калининграде, чтобы поблагодарить их за спасение своей швейцарской недвижимости.", "rating_post": 0}}, {"model": "simpleapp.post", "pk": 31, "fields": {"author": 2, "select": "NE", "date": "2022-05-21T16:43:54.589", "header_post": "Компания Motorola остановила поставки электроники для российских лифтов", "text_post": "Американская компания Motorola объявила о полном прекращении деятельности на российском рынке. Об этом говорится на её официальном сайте.\r\n\r\nMotorola специализируется на телекоммуникациях и электронике и является основным поставщиком систем управления для российских лифтостроительных заводов. Однако из-за логистических проблем Motorola полностью прекращает поставки данного оборудования и закрывает своё российское представительство на неопределённый срок.\r\n\r\n«Логистические проблемы, вызванные вторжением России на территорию Украины, ставят под сомнение наше многолетнее сотрудничество с российскими заводами. В течение последних нескольких недель мы прекратили поставки и полностью перенесли всю нашу деятельность за пределы России», — говорится в сообщении.\r\n\r\nТакже в компании добавили, что обслуживание уже установленного оборудования в настоящий момент невозможно.", "rating_post": 0}}, {"model": "simpleapp.post", "pk": 32, "fields": {"author": 3, "select": "NE", "date": "2022-05-21T16:48:55.866", "header_post": "Улицу, на которой расположено посольство США в России, переименуют в честь Дерека Шовина", "text_post": "В соответствии с указом мэра Москвы Сергея Собянина Большой Девятинский переулок получит новое название — переулок Дерека Шовина. Об этом сообщил Департамент градостроительной политики Правительства Москвы.\r\n\r\nКак указывается на официальном сайте мэрии Москвы, это решение является реакцией на провокационную деятельность руководства Соединённых Штатов Америки. Новое название должно поспособствовать напоминанию представителей США о таких понятиях, как справедливость и правосудие, «давно попираемые на Западе».\r\n\r\nПосол США в России Джон Салливан уже выразил недовольство действиями руководства города и пообещал обратиться к Конгрессу с просьбой ввести новые антироссийские санкции.", "rating_post": 0}}, {"model": "simpleapp.post", "pk": 33, "fields": {"author": 1, "select": "NE", "date": "2022-05-21T17:01:59.410", "header_post": "Госдума работает над возвращением уголовной ответственности за гомосексуализм", "text_post": "Депутаты Государственной думы начали разрабатывать законопроект, который возродит уголовную ответственность за гомосексуализм. В парламенте отмечают, что такая возможность появилась, благодаря выходу России из Совета Европы.\r\n\r\nПервоначально закон представлял кальку со статьи 121 УК РСФСР «Мужеложство», однако быстро стало очевидно, что требуется совершенно новое решение. Новая версия законопроекта предусматривает ответственность за более широкий спектр половых извращений, а также отличается большей гуманностью – в отличие от советских времён, у правонарушителей будет возможность избежать ответственности, если они согласятся на лечение (кроме случаев рецидива).\r\n\r\n«Нынешние времена – это совершенно новые условия, к которым мы должны адаптироваться, если хотим быть современным государством, – поясняет один из разработчиков закона. – К примеру, число гендеров с советских лет выросло кратно и мы это учли – ответственность будет наступать и за такие дела тоже»", "rating_post": 0}}, {"model": "simpleapp.post", "pk": 34, "fields": {"author": 2, "select": "NE", "date": "2022-05-21T17:26:07.549", "header_post": "Первый опытный образец нового БПЛА \"Голубь\" напал на зернохранилище", "text_post": "Разработанный российскими учёными новый ударный беспилотный летательный аппарат (БПЛА) самолётного типа «Голубь» потерпел неудачу на первых испытаниях. Из-за ошибки программного обеспечения дрон свернул с маршрута и атаковал склад с зерном.\r\n\r\nНеудачное испытание воздушного судна прошло 18 мая. В ходе его дрон должен был поразить 2 наземные цели на полигоне. Однако на 4-м километре он резко сменил траекторию полёта и направился в сторону деревни «Вороново». Операторы безрезультативно пытались вернуть контроль над беспилотником, после чего он атаковал зернохранилище Воронинского колхоза.\r\n\r\n«После нанесения двух ударов по зерновому складу нашему, этот самолёт влетел вот туда и загорелся, там мы с соседями из покрышек сделали ворон, в честь нашей любимой деревни. Сказать, что мы испугались, это ничего не сказать. По телевизору говорили о всяких американских заражённых птицах, мы думали это они прилетели уничтожить нашу деревню», — рассказала об увиденном живущая напротив зернохранилища пенсионерка.\r\n\r\nСотрудники МЧС прибыли на место происшествия и ликвидировали возгорание. Также ими было осмотрено повреждённое здание. По словам представителей ведомства, в ходе данного инцидента никто не пострадал.\r\n\r\nПроизводители дрона были удивлены подобному повороту событий. По их мнению, авария могла произойти из-за недостаточного финансирования проекта, в следствие чего программное обеспечение БПЛА имело ошибки.", "rating_post": 0}}, {"model": "simpleapp.post", "pk": 35, "fields": {"author": 3, "select": "NE", "date": "2022-05-21T17:27:16.025", "header_post": "«Улечу в Турцию»: Набиуллина пообещала уйти в отставку, если до конца года ВВП России не вырастет на 15%", "text_post": "Глава Центрального банка России Эльвира Набиуллина анонсировала программу стабилизации экономики, которая позволит за полгода добиться роста ВВП по итогам года на 15-20 %. В случае, если эти показатели не будут достигнуты до 31 декабря 2022 года, глава финрегулятора пообещала уйти со своего поста и покинуть территорию России:\r\n\r\n«Я лично разработала масштабный план реформ, который обеспечит настоящий прорыв российской экономики. Мы будем удваивать ВВП каждые 5-7 лет, это минимум 15% роста в год. Я готова поставить на карту всё, если у меня не получится, то я уйду в отставку и в тот же день улечу в Турцию», - заявила Набиуллина.\r\n\r\n «План Набиуллиной» не будет обнародован. По информации службы собственной безопасности Центрального банка, западные разведки готовят серию диверсий с целью уничтожить российскую экономику. Согласно непубличной информации, в разработке программы принимали участие ведущие российские экономисты, в том числе Сергей Глазьев, Михаил Хазин и Михаил Делягин.\r\n\r\nПо оценкам экспертов, рост ВВП на 15% приведёт к увеличению средней заработной платы в России минимум на треть, при этом инфляция составит не более 3-5% годовых.", "rating_post": 0}}, {"model": "simpleapp.post", "pk": 36, "fields": {"author": 2, "select": "NE", "date": "2022-05-21T17:29:18.181", "header_post": "Для строительства Шестого транспортного кольца Москвы потребуется полный перенос Твери", "text_post": "Мэр Москвы Сергей Собянин подписал указ о переносе города Тверь на 35 километров к северо-востоку. На месте города разместится развязка платной автомагистрали М11 и Шестого транспортного кольца Москвы.\r\n\r\nТверь, расположенная в 170 километрах к северу от Москвы, имеет крайне неудачное расположение. Магистраль М11 «Нева» должна обойти город, но обход не удаётся достроить уже несколько лет, и потому в районе Твери трасса прерывается. Кроме того, Тверь мешает проложить жизненно необходимый столице шестой транспортный радиус, который обеспечит скоростное движение транспорта между районами мегаполиса в районе МКАД и за ним.\r\n\r\n«Сейчас москвичам непросто попасть, например, из Дегунино в соседний район Свиблово – эти районы севера Москвы разделены железной дорогой. Проехать можно только через перегруженный МКАД или по узким улочкам района Владыкино. Строительство Шестого кольца даст возможность автомобилистам двигаться между районами с разрешённой скоростью 130 км/ч. Расстояние несколько вырастет, зато время существенно сократится – все пробки удастся объехать», - заявил мэр Москвы.\r\n\r\nЖители Твери ещё не уведомлены о скором переезде, однако на новом месте уже начали возведение сборно-щитовых домов для них. Строительству препятствует заболоченная почва – первые 60 домов уже погрузились в грунт на четыре метра, но эту проблему постараются решить. Переселение тверичан начнётся уже в июне.\r\n\r\nПосле уточнения трассировки магистрали станет известен полный список ликвидируемых населённых пунктов. Пока в нём лишь 6 городов и 19 сёл.", "rating_post": 0}}, {"model": "simpleapp.post", "pk": 37, "fields": {"author": 1, "select": "NE", "date": "2022-05-25T13:23:01.896", "header_post": "Роскомнадзор запретил называть россиян Homo Sapiens", "text_post": "Надзорное ведомство направило предупреждения издательствам, публикующим учебники биологии, употребляющие определение «Homo Sapiens» по отношению к жителям современной России и их предкам. Термин признали нарушающим закон о запрете пропаганды гомосексуализма среди несовершеннолетних.\r\n\r\nРоскомнадзор потребовал в кратчайшие сроки изъять из учебных учреждений, где учатся дети, все книги с упоминанием вида «Homo», поскольку он созвучен сленговому названию гомосексуалистов. В пояснительном письме, разосланном издателям, чиновники пояснили, что в сети Интернет широко распространено выражение «No homo», используя которое, человек сообщает о своём неприятии нетрадиционных отношений. Таким образом, употребление выражения «Homo» по отношению к россиянам создаёт у читателя превратное впечатление о массовой приверженности наших граждан ценностям LGBTQCIA+.\r\n\r\n«Уверен, большинство россиян не хотят, чтобы их называли какими-то «гомо-сапиенсами». И тем более не хотят, чтобы это слышали их дети. У нас народ традиционалистский, православный. Пусть на загнивающем Западе изучают все свои 85 гендеров и с детского сада делают из детей гомосексуалистов, а нам всей этой мерзости не нужно. А то у этих учёных получается, что человек раньше был обезьяной, а теперь стал каким-то «Homo». Где же тут Господь? Где чудо сотворения Адама? Со всем этим сатанизмом, который при Фурсенко развели в школе, нужно кончать», - считает генеральный инспектор школ Андрей Фарисеев.", "rating_post": 0}}, {"model": "simpleapp.postcategory", "pk": 1, "fields": {"post": 1, "category": 1}}, {"model": "simpleapp.postcategory", "pk": 2, "fields": {"post": 2, "category": 1}}, {"model": "simpleapp.postcategory", "pk": 3, "fields": {"post": 5, "category": 2}}, {"model": "simpleapp.postcategory", "pk": 4, "fields": {"post": 4, "category": 2}}, {"model": "simpleapp.postcategory", "pk": 5, "fields": {"post": 6, "category": 1}}, {"model": "simpleapp.postcategory", "pk": 6, "fields": {"post": 11, "category": 3}}, {"model": "simpleapp.postcategory", "pk": 7, "fields": {"post": 3, "category": 3}}, {"model": "simpleapp.postcategory", "pk": 8, "fields": {"post": 7, "category": 1}}, {"model": "simpleapp.postcategory", "pk": 9, "fields": {"post": 8, "category": 4}}, {"model": "simpleapp.postcategory", "pk": 10, "fields": {"post": 9, "category": 1}}, {"model": "simpleapp.postcategory", "pk": 11, "fields": {"post": 10, "category": 1}}, {"model": "simpleapp.postcategory", "pk": 12, "fields": {"post": 18, "category": 1}}, {"model": "simpleapp.postcategory", "pk": 13, "fields": {"post": 19, "category": 2}}, {"model": "simpleapp.postcategory", "pk": 14, "fields": {"post": 20, "category": 2}}, {"model": "simpleapp.postcategory", "pk": 15, "fields": {"post": 21, "category": 2}}, {"model": "simpleapp.postcategory", "pk": 16, "fields": {"post": 22, "category": 2}}, {"model": "simpleapp.postcategory", "pk": 17, "fields": {"post": 23, "category": 2}}, {"model": "simpleapp.postcategory", "pk": 18, "fields": {"post": 24, "category": 2}}, {"model": "simpleapp.postcategory", "pk": 19, "fields": {"post": 25, "category": 2}}, {"model": "simpleapp.postcategory", "pk": 20, "fields": {"post": 26, "category": 2}}, {"model": "simpleapp.postcategory", "pk": 21, "fields": {"post": 27, "category": 2}}, {"model": "simpleapp.postcategory", "pk": 22, "fields": {"post": 28, "category": 2}}, {"model": "simpleapp.postcategory", "pk": 23, "fields": {"post": 29, "category": 2}}, {"model": "simpleapp.postcategory", "pk": 24, "fields": {"post": 30, "category": 2}}, {"model": "simpleapp.postcategory", "pk": 25, "fields": {"post": 31, "category": 1}}, {"model": "simpleapp.postcategory", "pk": 26, "fields": {"post": 32, "category": 2}}, {"model": "simpleapp.postcategory", "pk": 27, "fields": {"post": 33, "category": 2}}, {"model": "simpleapp.postcategory", "pk": 28, "fields": {"post": 34, "category": 2}}, {"model": "simpleapp.postcategory", "pk": 29, "fields": {"post": 35, "category": 2}}, {"model": "simpleapp.postcategory", "pk": 30, "fields": {"post": 36, "category": 2}}, {"model": "simpleapp.postcategory", "pk": 31, "fields": {"post": 37, "category": 2}}, {"model": "simpleapp.comment", "pk": 1, "fields": {"post": 1, "user": 1, "text_comment": "comment1", "date_comment": "2022-04-20T21:23:08.337", "rating_comment": -1}}, {"model": "simpleapp.comment", "pk": 2, "fields": {"post": 2, "user": 2, "text_comment": "comment2", "date_comment": "2022-04-20T21:24:31.339", "rating_comment": 1}}, {"model": "simpleapp.comment", "pk": 3, "fields": {"post": 3, "user": 1, "text_comment": "comment3", "date_comment": "2022-04-20T21:24:43.276", "rating_comment": 0}}, {"model": "simpleapp.comment", "pk": 4, "fields": {"post": 1, "user": 2, "text_comment": "comment4", "date_comment": "2022-04-20T21:24:54.245", "rating_comment": 0}}, {"model": "simpleapp.comment", "pk": 5, "fields": {"post": 4, "user": 3, "text_comment": "comment5", "date_comment": "2022-04-22T20:32:45.339", "rating_comment": 0}}, {"model": "simpleapp.comment", "pk": 6, "fields": {"post": 2, "user": 1, "text_comment": "comment4", "date_comment": "2022-04-23T11:15:07.621", "rating_comment": 0}}, {"model": "account.emailaddress", "pk": 1, "fields": {"user": 5, "email": "vorobeip@gmail.com", "verified": true, "primary": true}}, {"model": "account.emailaddress", "pk": 2, "fields": {"user": 6, "email": "email@mysite.com", "verified": false, "primary": true}}, {"model": "account.emailaddress", "pk": 3, "fields": {"user": 7, "email": "usernam1e@mail.ru", "verified": false, "primary": true}}, {"model": "account.emailaddress", "pk": 4, "fields": {"user": 8, "email": "qwerty@mail.ru", "verified": false, "primary": true}}, {"model": "account.emailaddress", "pk": 5, "fields": {"user": 9, "email": "dehan55310@duetube.com", "verified": true, "primary": true}}, {"model": "socialaccount.socialapp", "pk": 1, "fields": {"provider": "google", "name": "Google", "client_id": "360273442455-rv1k76faeji69k9a487lpmrev5as668p.apps.googleusercontent.com", "secret": "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", "key": "", "sites": [1]}}, {"model": "socialaccount.socialaccount", "pk": 1, "fields": {"user": 5, "provider": "google", "uid": "116707897295965037569", "last_login": "2022-05-25T13:22:27.007", "date_joined": "2022-05-05T14:02:44.579", "extra_data": "{\"id\": \"116707897295965037569\", \"email\": \"vorobeip@gmail.com\", \"verified_email\": true, \"name\": \"\\u0415\\u0432\\u0433\\u0435\\u043d\\u0438\\u0439 \\u0412\\u043e\\u0440\\u043e\\u0431\\u0435\\u0439\", \"given_name\": \"\\u0415\\u0432\\u0433\\u0435\\u043d\\u0438\\u0439\", \"family_name\": \"\\u0412\\u043e\\u0440\\u043e\\u0431\\u0435\\u0439\", \"picture\": \"https://lh3.googleusercontent.com/a/AATXAJwPAE7E-zhzGPx7oKpDAEH0aKr7ingyjZUnTy36=s96-c\", \"locale\": \"ru\"}"}}]